Politician,address,dob,deceased date,sex,languages,citizenship,nationality,occupation
"Ana Luiza Massot Thompson-Flores Italy Director - United Nations Educational, Scientific and Cultural Organisation Regional Bureau for Science and Culture in Europe",NA,NA,NA,NA,NA,NA,Brazilian,Director of the UNESCO Liaison Office in Geneva
Andreas Klemmer Italy Director - International Labour Organisation International Training Centre,NA,NA,NA,NA,NA,NA,NA,NA
Anna Veneziano Italy Deputy Secretary General - International Institute for the Unification of Private Law,NA,NA,NA,"The provided text does not mention anything about the sex of Anna Veneziano Italy Deputy Secretary General - International Institute for the Unification of Private Law, so the requested data could not be extracted.",NA,NA,I am sorry; I cannot find the nationality information for Anna Veneziano from the provided context.,Deputy Secretary-General
Antonia Marie De Meo Italy Director - UNESCO Regional Bureau for Science and Culture,NA,NA,NA,NA,NA,United States and Italy,nationality: citizen of the United States and Italy,NA
Christopher G Cavolli Italy Director - NATO Support Agency,NA,NA,NA,NA,"Italian, Russian, French",NA,NA,"The provided document does not include information regarding Christopher G Cavolli's  occupation, so I am unable to extract the requested data from the provided context."
"Cornelia Moussa Italy Director - Human Resources and Office Services, International Development Law Organisation",NA,NA,NA,NA,NA,"The provided context does not mention anything about Cornelia Moussa Italy Director - Human Resources and Office Services, International Development Law Organisation citizenship, so the requested data could not be extracted.",NA,NA
Cornelius Gross Italy Head - European Molecular Biology Labarotary,NA,NA,NA,NA,NA,NA,"Nationality is not mentioned in the text provided, so the requested data could not be extracted.",NA
Elizabeth L Dibble Italy Director General - Nultinational Force and Observers,NA,NA,NA,NA,"The provided text does not contain any information about the languages spoken by Elizabeth L Dibble Italy Director General - Nultinational Force and Observers; therefore, I am unable to extract the requested data.",NA,NA,Director General
"Fabricio Guariglia Italy Director - IDLO Branch, International Development Law Organisation",NA,NA,NA,NA,NA,NA,NA,Occupation: Director
Florian Pappenberger Italy Director - European Centre for Medium Range Weather Forecasts,NA,NA,NA,NA,NA,NA,NA,The provided text does not contain the requested field of information (occupation).
"Franco Sanchez-Hidalgo Italy Director - Progammes, International Development Law Organisation",NA,NA,NA,NA,NA,NA,NA,Director of Programmes
Giovanna Ceglie Italy Director - United Nations Global Service Center,NA,NA,NA,NA,NA,NA,NA,NA
"Haroun Atallah Italy Director - Finance and Support Services, International Development Law Organisation","I am sorry, but the context does not mention anything about Haroun Atallah's address, so I am unable to extract the requested data from the provided context.",September 1964,NA,NA,NA,NA,Irish,Director Finance and Support Services
Ignacio Tirado Italy Secretary General - International Institute for the Unification of Private Law,"This context does not mention anything about Ignacio Tirado Italy Secretary General - International Institute for the Unification of Private Law address, so I cannot extract the requested data from the provided context.",NA,NA,NA,NA,Spain,A national of Spain,Secretary General
"Ilaria Bottigliero Italy Director - Research and Learning, International Development Law Organisation",NA,NA,NA,NA,NA,NA,NA,"Director of Research and Learning, IDLO"
Jan Beagle Italy Director General - International Development Law Organisation,"This context does not mention anything about Jan Beagle Italy Director General - International Development Law Organisation address, so I cannot extract the requested data from the provided context.",NA,NA,NA,NA,"The provided text does not contain the citizenship information of Jan Beagle; therefore, I cannot extract the requested data.",NA,NA
Jorge Moreira Da Silva Italy Executive Director - United Nations Global Service Center,NA,NA,NA,"The provided text does not contain information about Jorge Moreira Da Silva's sex, so I am unable to extract the requested data.","The provided text does not contain any information regarding Jorge Moreira Da Silva Italy Executive Director's languages. Therefore, I am unable to extract the requested data from the provided context.",NA,NA,NA
Joseph Borell Italy Commander - League of Arab States Mission to Rome,NA,NA,"I am sorry, but the provided text discusses the League of Arab States, its member countries, history, organization, and objectives, yet it does not include information about Joseph Borell's date of death. Therefore, I cannot extract the requested data from the provided context.",NA,NA,"The provided text does not mention the citizenship field pertaining to Joseph Borell. Therefore, I cannot extract the requested data from the provided context.",NA,"The provided context does not mention the occupation of Joseph Borell Italy Commander - League of Arab States Mission to Rome; therefore, I am unable to extract the requested data from the provided context."
Joseph King Italy Director - International Centre for the Study of the Preservation and Restoration of Cultural Property,"Via di San Michele 13 - Rome, Italy",NA,NA,NA,NA,NA,"The provided text does not contain the nationality of Joseph King Italy Director - International Centre for the Study of the Preservation and Restoration of Cultural Property. Therefore, I cannot extract the requested data from the provided context.",NA
Juan Lucas Restrepo Italy Director General - Bioversity International,"Via di San Domenico, 1, 00153 Rome, Italy",NA,NA,NA,NA,Colombian and French,Colombian and French,Director General
Laurent Thomas Italy Deputy Director General - Food and Agriculture Organization of the United Nations,NA,NA,NA,"I'm sorry, but I cannot find any information about the sex of Laurent Thomas Italy Deputy Director General - Food and Agriculture Organization of the United Nations from the provided context. Therefore, I am unable to provide an answer to your question.",NA,NA,"I am sorry, but the text provided does not contain the nationality of Laurent Thomas. Therefore, I cannot answer this question.",NA
"Liliana De Marco Italy Director - External Relations and Partnerships, International Development Law Organisation",NA,NA,NA,NA,NA,NA,NA,Director External Relations and Partnerships
Mathias Cormann Italy Secretary General - Organisation for Economic Cooperation and Development Centre for Local Economic and Employment Development Program,"The provided context does not contain any information about address, so the requested data could not be extracted.",Information about dob not found in the provided context.,NA,NA,"The provided context does not mention anything about Mathias Cormann's languages, so I cannot extract the requested data from the provided context.",Australian,"I am sorry, I could not find any information about Mathias Cormann's nationality in the provided text.",NA
Max A.L.T. Nielsen Italy Commander - NATO Defence College,NA,NA,NA,NA,NA,NA,NA,NA
"Michele Jenings Italy Director - Foundation Volunteering and Outreach, Commonwealth War Graves Commission","The provided text does not contain the address of Michele Jenings, Italy Director - Foundation Volunteering and Outreach, Commonwealth War Graves Commission. Therefore, I am unable to extract the requested data from the provided context.",NA,"The provided text does not contain any information about the deceased date of Michele Jenings Italy Director - Foundation Volunteeering and Outreach, Commonwealth War Graves Commission. Therefore, I am unable to extract the requested data from the context.","The provided text does not contain the answer to your question. The name of the person mentioned in the text is Michele Jennings; however, her sex is not specified. Hence, I cannot extract the requested data from the provided context.",No information on languages is present in the context.,"The provided text does not contain any information about the citizenship field for the person Michele Jenings Italy Director - Foundation Volunteering and Outreach. Therefore, I cannot extract the requested data from the provided context.","The provided text does not contain information about Michele Jenings nationality, so I cannot extract the requested data from the provided context.",NA
Norbert Wagner Italy Commander - Joint Force Training Centre,NA,NA,NA,NA,NA,"The provided text does not contain any information about the citizenship of Norbert Wagner Italy Commander - Joint Force Training Centre, so I am unable to extract the requested data.",NA,NA
Petr Svoboda Italy Deputy Commander - Joint Force Training Centre,NA,NA,NA,NA,NA,NA,NA,NA
Philip Lowe Italy Director General - European University Institute,NA,NA,NA,NA,"English, French, German",NA,NA,Italy Director General - European University Institute
Qu Dongyu Italy Director General - Food and Agriculture Organization of the United Nations,"Viale delle Terme di Caracalla 00153 Rome, Italy",NA,NA,NA,NA,NA,NA,Director-General of the Food and Agriculture Organization of the United Nations (FAO)
Remo Ruffini Italy Director - International Centre for Relativistic Astrophysics Network,"Piazza della Repubblica, 10\n65122 Pescara (PE) - Italy",NA,"This article does not contain the information you requested. Please note that, I do not have access to external websites or specific files online.","The provided text lacks information regarding the sex of Remo Ruffini. Hence, the requested data could not be extracted.",NA,Italian citizen,NA,NA
"Shantanu Mukherjee Italy Director - Economic Analysis and Policy Division, UN Department of Economic and Social Affairs",NA,NA,NA,NA,NA,NA,NA,NA
"Simonetta Cheli Italy Director - Earth Observation, European Space Agency","I'm sorry but there is no information about the address in the context, therefore I am not able to extract the requested data.",NA,NA,NA,"Italian, English, French, Spanish, German",NA,NA,NA
Webber Ndoro Italy Director General - International Centre for the Study of the Preservation and Restoration of Cultural Property,NA,NA,"I am sorry, but I could not find information about the deceased date for Webber Ndoro Italy Director General - International Centre for the Study of the Preservation and Restoration of Cultural Property in the context. Therefore, I cannot extract the requested data from the provided text.",NA,"The provided document does not contain the requested information about Webber Ndoro Italy Director General - International Centre for the Study of the Preservation and Restoration of Cultural Property languages, so I am unable to extract the data you are looking for from the provided document.",NA,NA,NA